[{"model": "admin.logentry", "pk": 1, "fields": {"action_time": "2025-03-27T13:09:32.975Z", "user": 2, "content_type": 8, "object_id": "2", "object_repr": "harsh@gmail.com", "action_flag": 2, "change_message": "[{\"changed\": {\"fields\": [\"Email\"]}}]"}}, {"model": "admin.logentry", "pk": 2, "fields": {"action_time": "2025-03-27T13:10:42.906Z", "user": 2, "content_type": 8, "object_id": "3", "object_repr": "delivery@cakery.in", "action_flag": 1, "change_message": "[{\"added\": {}}]"}}, {"model": "admin.logentry", "pk": 3, "fields": {"action_time": "2025-03-27T13:10:49.822Z", "user": 2, "content_type": 10, "object_id": "1", "object_repr": "Delivery Person - delivery@cakery.in", "action_flag": 1, "change_message": "[{\"added\": {}}]"}}, {"model": "admin.logentry", "pk": 4, "fields": {"action_time": "2025-03-27T13:21:04.470Z", "user": 2, "content_type": 8, "object_id": "2", "object_repr": "harsh@gmail.com", "action_flag": 2, "change_message": "[{\"changed\": {\"fields\": [\"Role\"]}}]"}}, {"model": "admin.logentry", "pk": 5, "fields": {"action_time": "2025-03-27T13:21:11.178Z", "user": 2, "content_type": 8, "object_id": "1", "object_repr": "admin@cakery.com", "action_flag": 2, "change_message": "[{\"changed\": {\"fields\": [\"Role\"]}}]"}}, {"model": "admin.logentry", "pk": 6, "fields": {"action_time": "2025-03-27T14:10:54.884Z", "user": 2, "content_type": 8, "object_id": "1", "object_repr": "admin@cakery.com", "action_flag": 2, "change_message": "[]"}}, {"model": "admin.logentry", "pk": 7, "fields": {"action_time": "2025-03-27T14:17:18.841Z", "user": 2, "content_type": 12, "object_id": "3", "object_repr": "Price - 2", "action_flag": 2, "change_message": "[{\"changed\": {\"fields\": [\"Price\"]}}]"}}, {"model": "admin.logentry", "pk": 8, "fields": {"action_time": "2025-03-27T14:17:28.864Z", "user": 2, "content_type": 12, "object_id": "2", "object_repr": "Medium - 3.00", "action_flag": 2, "change_message": "[{\"changed\": {\"fields\": [\"Size\", \"Price\"]}}]"}}, {"model": "admin.logentry", "pk": 9, "fields": {"action_time": "2025-03-27T14:17:36.830Z", "user": 2, "content_type": 12, "object_id": "3", "object_repr": "Large - 2.00", "action_flag": 2, "change_message": "[{\"changed\": {\"fields\": [\"Size\"]}}]"}}, {"model": "admin.logentry", "pk": 10, "fields": {"action_time": "2025-03-27T14:17:42.912Z", "user": 2, "content_type": 12, "object_id": "3", "object_repr": "Large - 4.00", "action_flag": 2, "change_message": "[{\"changed\": {\"fields\": [\"Price\"]}}]"}}, {"model": "admin.logentry", "pk": 11, "fields": {"action_time": "2025-03-27T14:17:47.032Z", "user": 2, "content_type": 12, "object_id": "1", "object_repr": "Small - 2.00", "action_flag": 2, "change_message": "[{\"changed\": {\"fields\": [\"Price\"]}}]"}}, {"model": "admin.logentry", "pk": 12, "fields": {"action_time": "2025-03-27T14:40:00.901Z", "user": 2, "content_type": 11, "object_id": "2", "object_repr": "Custom Chocolate Cake By the great harsh", "action_flag": 2, "change_message": "[{\"changed\": {\"fields\": [\"Name\", \"Description\"]}}]"}}, {"model": "admin.logentry", "pk": 13, "fields": {"action_time": "2025-03-27T15:31:38.794Z", "user": 2, "content_type": 11, "object_id": "2", "object_repr": "Custom Chocolate Cake", "action_flag": 2, "change_message": "[{\"changed\": {\"fields\": [\"Name\"]}}]"}}, {"model": "admin.logentry", "pk": 14, "fields": {"action_time": "2025-03-27T17:37:36.495Z", "user": 2, "content_type": 17, "object_id": "1", "object_repr": "Order 1 - parmarharsh901@gmail.com - out_for_delivery", "action_flag": 2, "change_message": "[{\"changed\": {\"fields\": [\"Status\"]}}]"}}, {"model": "admin.logentry", "pk": 15, "fields": {"action_time": "2025-03-27T17:52:18.622Z", "user": 2, "content_type": 12, "object_id": "4", "object_repr": "Small - 1", "action_flag": 2, "change_message": "[{\"changed\": {\"fields\": [\"Price\"]}}]"}}, {"model": "admin.logentry", "pk": 16, "fields": {"action_time": "2025-03-27T17:57:46.502Z", "user": 2, "content_type": 17, "object_id": "1", "object_repr": "Order 1 - parmarharsh901@gmail.com - confirmed", "action_flag": 2, "change_message": "[{\"changed\": {\"fields\": [\"Status\"]}}]"}}, {"model": "admin.logentry", "pk": 17, "fields": {"action_time": "2025-03-27T18:47:13.771Z", "user": 2, "content_type": 17, "object_id": "1", "object_repr": "Order 1 - parmarharsh901@gmail.com - delivered", "action_flag": 2, "change_message": "[{\"changed\": {\"fields\": [\"Status\"]}}]"}}, {"model": "auth.permission", "pk": 1, "fields": {"name": "Can add log entry", "content_type": 1, "codename": "add_logentry"}}, {"model": "auth.permission", "pk": 2, "fields": {"name": "Can change log entry", "content_type": 1, "codename": "change_logentry"}}, {"model": "auth.permission", "pk": 3, "fields": {"name": "Can delete log entry", "content_type": 1, "codename": "delete_logentry"}}, {"model": "auth.permission", "pk": 4, "fields": {"name": "Can view log entry", "content_type": 1, "codename": "view_logentry"}}, {"model": "auth.permission", "pk": 5, "fields": {"name": "Can add permission", "content_type": 2, "codename": "add_permission"}}, {"model": "auth.permission", "pk": 6, "fields": {"name": "Can change permission", "content_type": 2, "codename": "change_permission"}}, {"model": "auth.permission", "pk": 7, "fields": {"name": "Can delete permission", "content_type": 2, "codename": "delete_permission"}}, {"model": "auth.permission", "pk": 8, "fields": {"name": "Can view permission", "content_type": 2, "codename": "view_permission"}}, {"model": "auth.permission", "pk": 9, "fields": {"name": "Can add group", "content_type": 3, "codename": "add_group"}}, {"model": "auth.permission", "pk": 10, "fields": {"name": "Can change group", "content_type": 3, "codename": "change_group"}}, {"model": "auth.permission", "pk": 11, "fields": {"name": "Can delete group", "content_type": 3, "codename": "delete_group"}}, {"model": "auth.permission", "pk": 12, "fields": {"name": "Can view group", "content_type": 3, "codename": "view_group"}}, {"model": "auth.permission", "pk": 13, "fields": {"name": "Can add content type", "content_type": 4, "codename": "add_contenttype"}}, {"model": "auth.permission", "pk": 14, "fields": {"name": "Can change content type", "content_type": 4, "codename": "change_contenttype"}}, {"model": "auth.permission", "pk": 15, "fields": {"name": "Can delete content type", "content_type": 4, "codename": "delete_contenttype"}}, {"model": "auth.permission", "pk": 16, "fields": {"name": "Can view content type", "content_type": 4, "codename": "view_contenttype"}}, {"model": "auth.permission", "pk": 17, "fields": {"name": "Can add session", "content_type": 5, "codename": "add_session"}}, {"model": "auth.permission", "pk": 18, "fields": {"name": "Can change session", "content_type": 5, "codename": "change_session"}}, {"model": "auth.permission", "pk": 19, "fields": {"name": "Can delete session", "content_type": 5, "codename": "delete_session"}}, {"model": "auth.permission", "pk": 20, "fields": {"name": "Can view session", "content_type": 5, "codename": "view_session"}}, {"model": "auth.permission", "pk": 21, "fields": {"name": "Can add Token", "content_type": 6, "codename": "add_token"}}, {"model": "auth.permission", "pk": 22, "fields": {"name": "Can change Token", "content_type": 6, "codename": "change_token"}}, {"model": "auth.permission", "pk": 23, "fields": {"name": "Can delete Token", "content_type": 6, "codename": "delete_token"}}, {"model": "auth.permission", "pk": 24, "fields": {"name": "Can view Token", "content_type": 6, "codename": "view_token"}}, {"model": "auth.permission", "pk": 25, "fields": {"name": "Can add Token", "content_type": 7, "codename": "add_tokenproxy"}}, {"model": "auth.permission", "pk": 26, "fields": {"name": "Can change Token", "content_type": 7, "codename": "change_tokenproxy"}}, {"model": "auth.permission", "pk": 27, "fields": {"name": "Can delete Token", "content_type": 7, "codename": "delete_tokenproxy"}}, {"model": "auth.permission", "pk": 28, "fields": {"name": "Can view Token", "content_type": 7, "codename": "view_tokenproxy"}}, {"model": "auth.permission", "pk": 29, "fields": {"name": "Can add user", "content_type": 8, "codename": "add_customuser"}}, {"model": "auth.permission", "pk": 30, "fields": {"name": "Can change user", "content_type": 8, "codename": "change_customuser"}}, {"model": "auth.permission", "pk": 31, "fields": {"name": "Can delete user", "content_type": 8, "codename": "delete_customuser"}}, {"model": "auth.permission", "pk": 32, "fields": {"name": "Can view user", "content_type": 8, "codename": "view_customuser"}}, {"model": "auth.permission", "pk": 33, "fields": {"name": "Can add address", "content_type": 9, "codename": "add_address"}}, {"model": "auth.permission", "pk": 34, "fields": {"name": "Can change address", "content_type": 9, "codename": "change_address"}}, {"model": "auth.permission", "pk": 35, "fields": {"name": "Can delete address", "content_type": 9, "codename": "delete_address"}}, {"model": "auth.permission", "pk": 36, "fields": {"name": "Can view address", "content_type": 9, "codename": "view_address"}}, {"model": "auth.permission", "pk": 37, "fields": {"name": "Can add delivery person", "content_type": 10, "codename": "add_deliveryperson"}}, {"model": "auth.permission", "pk": 38, "fields": {"name": "Can change delivery person", "content_type": 10, "codename": "change_deliveryperson"}}, {"model": "auth.permission", "pk": 39, "fields": {"name": "Can delete delivery person", "content_type": 10, "codename": "delete_deliveryperson"}}, {"model": "auth.permission", "pk": 40, "fields": {"name": "Can view delivery person", "content_type": 10, "codename": "view_deliveryperson"}}, {"model": "auth.permission", "pk": 41, "fields": {"name": "Can add cake", "content_type": 11, "codename": "add_cake"}}, {"model": "auth.permission", "pk": 42, "fields": {"name": "Can change cake", "content_type": 11, "codename": "change_cake"}}, {"model": "auth.permission", "pk": 43, "fields": {"name": "Can delete cake", "content_type": 11, "codename": "delete_cake"}}, {"model": "auth.permission", "pk": 44, "fields": {"name": "Can view cake", "content_type": 11, "codename": "view_cake"}}, {"model": "auth.permission", "pk": 45, "fields": {"name": "Can add cake size", "content_type": 12, "codename": "add_cakesize"}}, {"model": "auth.permission", "pk": 46, "fields": {"name": "Can change cake size", "content_type": 12, "codename": "change_cakesize"}}, {"model": "auth.permission", "pk": 47, "fields": {"name": "Can delete cake size", "content_type": 12, "codename": "delete_cakesize"}}, {"model": "auth.permission", "pk": 48, "fields": {"name": "Can view cake size", "content_type": 12, "codename": "view_cakesize"}}, {"model": "auth.permission", "pk": 49, "fields": {"name": "Can add cake like", "content_type": 13, "codename": "add_cakelike"}}, {"model": "auth.permission", "pk": 50, "fields": {"name": "Can change cake like", "content_type": 13, "codename": "change_cakelike"}}, {"model": "auth.permission", "pk": 51, "fields": {"name": "Can delete cake like", "content_type": 13, "codename": "delete_cakelike"}}, {"model": "auth.permission", "pk": 52, "fields": {"name": "Can view cake like", "content_type": 13, "codename": "view_cakelike"}}, {"model": "auth.permission", "pk": 53, "fields": {"name": "Can add cart", "content_type": 14, "codename": "add_cart"}}, {"model": "auth.permission", "pk": 54, "fields": {"name": "Can change cart", "content_type": 14, "codename": "change_cart"}}, {"model": "auth.permission", "pk": 55, "fields": {"name": "Can delete cart", "content_type": 14, "codename": "delete_cart"}}, {"model": "auth.permission", "pk": 56, "fields": {"name": "Can view cart", "content_type": 14, "codename": "view_cart"}}, {"model": "auth.permission", "pk": 57, "fields": {"name": "Can add cart items", "content_type": 15, "codename": "add_cartitems"}}, {"model": "auth.permission", "pk": 58, "fields": {"name": "Can change cart items", "content_type": 15, "codename": "change_cartitems"}}, {"model": "auth.permission", "pk": 59, "fields": {"name": "Can delete cart items", "content_type": 15, "codename": "delete_cartitems"}}, {"model": "auth.permission", "pk": 60, "fields": {"name": "Can view cart items", "content_type": 15, "codename": "view_cartitems"}}, {"model": "auth.permission", "pk": 61, "fields": {"name": "Can add topping", "content_type": 16, "codename": "add_topping"}}, {"model": "auth.permission", "pk": 62, "fields": {"name": "Can change topping", "content_type": 16, "codename": "change_topping"}}, {"model": "auth.permission", "pk": 63, "fields": {"name": "Can delete topping", "content_type": 16, "codename": "delete_topping"}}, {"model": "auth.permission", "pk": 64, "fields": {"name": "Can view topping", "content_type": 16, "codename": "view_topping"}}, {"model": "auth.permission", "pk": 65, "fields": {"name": "Can add order", "content_type": 17, "codename": "add_order"}}, {"model": "auth.permission", "pk": 66, "fields": {"name": "Can change order", "content_type": 17, "codename": "change_order"}}, {"model": "auth.permission", "pk": 67, "fields": {"name": "Can delete order", "content_type": 17, "codename": "delete_order"}}, {"model": "auth.permission", "pk": 68, "fields": {"name": "Can view order", "content_type": 17, "codename": "view_order"}}, {"model": "auth.permission", "pk": 69, "fields": {"name": "Can add payment", "content_type": 18, "codename": "add_payment"}}, {"model": "auth.permission", "pk": 70, "fields": {"name": "Can change payment", "content_type": 18, "codename": "change_payment"}}, {"model": "auth.permission", "pk": 71, "fields": {"name": "Can delete payment", "content_type": 18, "codename": "delete_payment"}}, {"model": "auth.permission", "pk": 72, "fields": {"name": "Can view payment", "content_type": 18, "codename": "view_payment"}}, {"model": "auth.permission", "pk": 73, "fields": {"name": "Can add review", "content_type": 19, "codename": "add_review"}}, {"model": "auth.permission", "pk": 74, "fields": {"name": "Can change review", "content_type": 19, "codename": "change_review"}}, {"model": "auth.permission", "pk": 75, "fields": {"name": "Can delete review", "content_type": 19, "codename": "delete_review"}}, {"model": "auth.permission", "pk": 76, "fields": {"name": "Can view review", "content_type": 19, "codename": "view_review"}}, {"model": "auth.permission", "pk": 77, "fields": {"name": "Can add cake sponge", "content_type": 20, "codename": "add_cakesponge"}}, {"model": "auth.permission", "pk": 78, "fields": {"name": "Can change cake sponge", "content_type": 20, "codename": "change_cakesponge"}}, {"model": "auth.permission", "pk": 79, "fields": {"name": "Can delete cake sponge", "content_type": 20, "codename": "delete_cakesponge"}}, {"model": "auth.permission", "pk": 80, "fields": {"name": "Can view cake sponge", "content_type": 20, "codename": "view_cakesponge"}}, {"model": "auth.permission", "pk": 81, "fields": {"name": "Can add cake extra", "content_type": 21, "codename": "add_cakeextra"}}, {"model": "auth.permission", "pk": 82, "fields": {"name": "Can change cake extra", "content_type": 21, "codename": "change_cakeextra"}}, {"model": "auth.permission", "pk": 83, "fields": {"name": "Can delete cake extra", "content_type": 21, "codename": "delete_cakeextra"}}, {"model": "auth.permission", "pk": 84, "fields": {"name": "Can view cake extra", "content_type": 21, "codename": "view_cakeextra"}}, {"model": "auth.permission", "pk": 85, "fields": {"name": "Can add custom modification", "content_type": 22, "codename": "add_custommodification"}}, {"model": "auth.permission", "pk": 86, "fields": {"name": "Can change custom modification", "content_type": 22, "codename": "change_custommodification"}}, {"model": "auth.permission", "pk": 87, "fields": {"name": "Can delete custom modification", "content_type": 22, "codename": "delete_custommodification"}}, {"model": "auth.permission", "pk": 88, "fields": {"name": "Can view custom modification", "content_type": 22, "codename": "view_custommodification"}}, {"model": "contenttypes.contenttype", "pk": 1, "fields": {"app_label": "admin", "model": "logentry"}}, {"model": "contenttypes.contenttype", "pk": 2, "fields": {"app_label": "auth", "model": "permission"}}, {"model": "contenttypes.contenttype", "pk": 3, "fields": {"app_label": "auth", "model": "group"}}, {"model": "contenttypes.contenttype", "pk": 4, "fields": {"app_label": "contenttypes", "model": "contenttype"}}, {"model": "contenttypes.contenttype", "pk": 5, "fields": {"app_label": "sessions", "model": "session"}}, {"model": "contenttypes.contenttype", "pk": 6, "fields": {"app_label": "authtoken", "model": "token"}}, {"model": "contenttypes.contenttype", "pk": 7, "fields": {"app_label": "authtoken", "model": "tokenproxy"}}, {"model": "contenttypes.contenttype", "pk": 8, "fields": {"app_label": "Auth", "model": "customuser"}}, {"model": "contenttypes.contenttype", "pk": 9, "fields": {"app_label": "Auth", "model": "address"}}, {"model": "contenttypes.contenttype", "pk": 10, "fields": {"app_label": "Auth", "model": "deliveryperson"}}, {"model": "contenttypes.contenttype", "pk": 11, "fields": {"app_label": "cakes", "model": "cake"}}, {"model": "contenttypes.contenttype", "pk": 12, "fields": {"app_label": "cakes", "model": "cakesize"}}, {"model": "contenttypes.contenttype", "pk": 13, "fields": {"app_label": "cakes", "model": "cakelike"}}, {"model": "contenttypes.contenttype", "pk": 14, "fields": {"app_label": "cakes", "model": "cart"}}, {"model": "contenttypes.contenttype", "pk": 15, "fields": {"app_label": "cakes", "model": "cartitems"}}, {"model": "contenttypes.contenttype", "pk": 16, "fields": {"app_label": "cakes", "model": "topping"}}, {"model": "contenttypes.contenttype", "pk": 17, "fields": {"app_label": "cakes", "model": "order"}}, {"model": "contenttypes.contenttype", "pk": 18, "fields": {"app_label": "cakes", "model": "payment"}}, {"model": "contenttypes.contenttype", "pk": 19, "fields": {"app_label": "cakes", "model": "review"}}, {"model": "contenttypes.contenttype", "pk": 20, "fields": {"app_label": "cakes", "model": "cakesponge"}}, {"model": "contenttypes.contenttype", "pk": 21, "fields": {"app_label": "cakes", "model": "cakeextra"}}, {"model": "contenttypes.contenttype", "pk": 22, "fields": {"app_label": "cakes", "model": "custommodification"}}, {"model": "sessions.session", "pk": "jcxmpds944tkf5pbnp3wd46jfrsi9v8f", "fields": {"session_data": ".eJxVjEEOwiAQRe_C2hCgQKlL956BzAyDVA0kpV0Z765NutDtf-_9l4iwrSVunZc4J3EWRpx-NwR6cN1BukO9NUmtrsuMclfkQbu8tsTPy-H-HRTo5Vsza7QE00BaW284e0IweWBF1hqbVOYAEIi9G63PCifnOPikKQVENYr3BwdeOLo:1tzDU5:5Oon5OQe-80Sh7aJ8qbp7DGkOzskimSMCz7SVPR8f9E", "expire_date": "2025-04-14T11:39:17.282Z"}}, {"model": "sessions.session", "pk": "yt0rkkcjm0sdb8qrntuuw4vnhzege77g", "fields": {"session_data": ".eJxVjEEOwiAQRe_C2hCgQKlL956BzAyDVA0kpV0Z765NutDtf-_9l4iwrSVunZc4J3EWRpx-NwR6cN1BukO9NUmtrsuMclfkQbu8tsTPy-H-HRTo5Vsza7QE00BaW284e0IweWBF1hqbVOYAEIi9G63PCifnOPikKQVENYr3BwdeOLo:1txmz0:yXS_4xgC2kaBJgfkb_xkvdDAQRMjiR3WPJo0K3BwnQQ", "expire_date": "2025-04-10T13:09:18.587Z"}}, {"model": "authtoken.token", "pk": "7795e1e72d8f2e0abe93135874ae8660b5107279", "fields": {"user": 1, "created": "2025-03-27T13:20:32.534Z"}}, {"model": "authtoken.token", "pk": "960f4fbd36aaca4771a442c171bd70196fbf22dc", "fields": {"user": 5, "created": "2025-03-31T15:21:59.890Z"}}, {"model": "authtoken.token", "pk": "b7129cd8de43478f530950f3d2bf88755b5c8dd6", "fields": {"user": 4, "created": "2025-03-27T14:20:31.831Z"}}, {"model": "authtoken.token", "pk": "da302d9dff45b5f95821b21e717be2303ba8932f", "fields": {"user": 3, "created": "2025-03-27T13:16:17.909Z"}}, {"model": "Auth.customuser", "pk": 1, "fields": {"password": "pbkdf2_sha256$870000$UI3M0jpiIj5JXJJp0tMT4t$PUuX2Eg39mgysRqTWxenl1w2aAaFwRFd+H/hpcYAsko=", "last_login": null, "is_superuser": true, "first_name": "", "last_name": "", "is_staff": true, "is_active": true, "date_joined": "2025-03-27T13:08:12Z", "email": "admin@cakery.com", "slug": "189158_1743080892", "is_verified": false, "user_image": "", "phone_no": null, "created_at": "2025-03-27T13:08:12.550Z", "updated_at": "2025-03-27T14:10:54.875Z", "role": "admin", "groups": [], "user_permissions": []}}, {"model": "Auth.customuser", "pk": 2, "fields": {"password": "pbkdf2_sha256$870000$GwC5mBSAfNF92QUURFJc5Y$x5+BDkfbBXkrnOY870vtPD/gMThqKSaov2Raezm/FvM=", "last_login": "2025-03-31T11:39:17.278Z", "is_superuser": true, "first_name": "", "last_name": "", "is_staff": true, "is_active": true, "date_joined": "2025-03-27T13:08:30Z", "email": "harsh@gmail.com", "slug": "232991_1743080911", "is_verified": false, "user_image": "", "phone_no": null, "created_at": "2025-03-27T13:08:31.207Z", "updated_at": "2025-03-27T13:21:04.465Z", "role": "admin", "groups": [], "user_permissions": []}}, {"model": "Auth.customuser", "pk": 3, "fields": {"password": "pbkdf2_sha256$870000$gzgeE7QtO3zSmHdz77Jjmr$hX61LSHzGN1g88f6+Z6snvB2LkyAoqxunDrzFrlyZmI=", "last_login": null, "is_superuser": false, "first_name": "Sasuke", "last_name": "Uchiha", "is_staff": false, "is_active": true, "date_joined": "2025-03-27T13:10:07Z", "email": "delivery@cakery.in", "slug": "293499_1743081042", "is_verified": true, "user_image": "", "phone_no": 6353805608, "created_at": "2025-03-27T13:10:42.902Z", "updated_at": "2025-03-27T13:12:14.781Z", "role": "delivery_person", "groups": [], "user_permissions": []}}, {"model": "Auth.customuser", "pk": 4, "fields": {"password": "pbkdf2_sha256$870000$1OdJNQWvLZSjf4trOcD62y$EVz3OCnd6LIqbHuSSE6n6Dvnx3VWZ3PjJpgcpQqBkKI=", "last_login": null, "is_superuser": false, "first_name": "Harsh", "last_name": "Parmar", "is_staff": false, "is_active": true, "date_joined": "2025-03-27T14:20:21.111Z", "email": "parmarharsh901@gmail.com", "slug": "265431_1743085221", "is_verified": false, "user_image": "images/user/scaled_1000232592.jpg", "phone_no": 1667641994, "created_at": "2025-03-27T14:20:21.111Z", "updated_at": "2025-03-27T14:25:10.545Z", "role": "user", "groups": [], "user_permissions": []}}, {"model": "Auth.customuser", "pk": 5, "fields": {"password": "pbkdf2_sha256$870000$F3jkjL0uOtSYDB9PEAgc6m$ALW1hPotmZARXR9bDbc31eEZIwobyXX08nBWhEM7Eq8=", "last_login": null, "is_superuser": false, "first_name": "smit", "last_name": "mehta", "is_staff": false, "is_active": true, "date_joined": "2025-03-31T15:21:52.322Z", "email": "mehtasmit096@gmail.com", "slug": "339774_1743434512", "is_verified": true, "user_image": "", "phone_no": 9456123489, "created_at": "2025-03-31T15:21:52.323Z", "updated_at": "2025-03-31T15:21:52.718Z", "role": "user", "groups": [], "user_permissions": []}}, {"model": "Auth.address", "pk": 1, "fields": {"address_text": "Lalbhai Dalpatbhai College Of Engineering Office, University Area, Ahmedabad, 380009, India", "user": 4, "longitude": "72.54782985895872", "latitude": "23.03481931136076", "slug": "158430_1743085510"}}, {"model": "Auth.deliveryperson", "pk": 1, "fields": {"user": 3, "vehicle_number": "GJ01XV3535", "slug": "110347_1743081049", "assigned_orders": []}}, {"model": "cakes.topping", "pk": 1, "fields": {"name": "Sprinkles", "price": "40.00", "slug": "321127_1743082421"}}, {"model": "cakes.topping", "pk": 2, "fields": {"name": "Choco chips", "price": "80.00", "slug": "135892_1743082421"}}, {"model": "cakes.topping", "pk": 3, "fields": {"name": "Fresh fruity", "price": "60.00", "slug": "223215_1743082421"}}, {"model": "cakes.topping", "pk": 4, "fields": {"name": "Tooty fruity", "price": "50.00", "slug": "777252_1743082421"}}, {"model": "cakes.topping", "pk": 5, "fields": {"name": "Almonds and nuts", "price": "60.00", "slug": "258069_1743082421"}}, {"model": "cakes.cakeextra", "pk": 1, "fields": {"name": "Premium quality whipping cream", "category": "fillings", "price": "100.00", "slug": "765460_1743082634"}}, {"model": "cakes.cakeextra", "pk": 2, "fields": {"name": "Melted Chocolate", "category": "fillings", "price": "70.00", "slug": "321045_1743082634"}}, {"model": "cakes.cakeextra", "pk": 3, "fields": {"name": "Ganache", "category": "fillings", "price": "100.00", "slug": "215269_1743082634"}}, {"model": "cakes.cakeextra", "pk": 4, "fields": {"name": "Chocochips", "category": "fillings", "price": "80.00", "slug": "253072_1743082634"}}, {"model": "cakes.cakeextra", "pk": 5, "fields": {"name": "Strawberry crush", "category": "fillings", "price": "70.00", "slug": "142491_1743082634"}}, {"model": "cakes.cakeextra", "pk": 6, "fields": {"name": "Pineapple crush", "category": "fillings", "price": "70.00", "slug": "643472_1743082634"}}, {"model": "cakes.cakeextra", "pk": 7, "fields": {"name": "Orange crush", "category": "fillings", "price": "70.00", "slug": "288511_1743082634"}}, {"model": "cakes.cakeextra", "pk": 8, "fields": {"name": "Mango crush", "category": "fillings", "price": "70.00", "slug": "153261_1743082635"}}, {"model": "cakes.cakeextra", "pk": 9, "fields": {"name": "Fresh fruit", "category": "fillings", "price": "100.00", "slug": "215450_1743082635"}}, {"model": "cakes.cakeextra", "pk": 10, "fields": {"name": "Normal", "category": "candles", "price": "30.00", "slug": "285405_1743082789"}}, {"model": "cakes.cakeextra", "pk": 11, "fields": {"name": "Number candle", "category": "candles", "price": "30.00", "slug": "223328_1743082789"}}, {"model": "cakes.cakeextra", "pk": 12, "fields": {"name": "Trending candle", "category": "candles", "price": "60.00", "slug": "229144_1743082789"}}, {"model": "cakes.cakeextra", "pk": 13, "fields": {"name": "Pink", "category": "colors", "price": "20.00", "slug": "151500_1743082789"}}, {"model": "cakes.cakeextra", "pk": 14, "fields": {"name": "Red", "category": "colors", "price": "20.00", "slug": "124507_1743082789"}}, {"model": "cakes.cakeextra", "pk": 15, "fields": {"name": "Black", "category": "colors", "price": "20.00", "slug": "129763_1743082789"}}, {"model": "cakes.cakeextra", "pk": 16, "fields": {"name": "Purple", "category": "colors", "price": "20.00", "slug": "237784_1743082789"}}, {"model": "cakes.cakeextra", "pk": 17, "fields": {"name": "Yellow", "category": "colors", "price": "20.00", "slug": "316391_1743082789"}}, {"model": "cakes.cakeextra", "pk": 18, "fields": {"name": "Orange", "category": "colors", "price": "20.00", "slug": "248245_1743082789"}}, {"model": "cakes.cakeextra", "pk": 19, "fields": {"name": "Blue", "category": "colors", "price": "20.00", "slug": "270426_1743082789"}}, {"model": "cakes.cakeextra", "pk": 20, "fields": {"name": "Brown", "category": "colors", "price": "20.00", "slug": "227974_1743082789"}}, {"model": "cakes.cakeextra", "pk": 21, "fields": {"name": "Green", "category": "colors", "price": "20.00", "slug": "545772_1743082789"}}, {"model": "cakes.cakeextra", "pk": 22, "fields": {"name": "Custom designs", "category": "decorations", "price": "70.00", "slug": "336537_1743082789"}}, {"model": "cakes.cakeextra", "pk": 23, "fields": {"name": "Theme Cake topper", "category": "decorations", "price": "100.00", "slug": "123228_1743082789"}}, {"model": "cakes.cakeextra", "pk": 24, "fields": {"name": "Fondant decoration", "category": "decorations", "price": "160.00", "slug": "249915_1743082789"}}, {"model": "cakes.cakeextra", "pk": 25, "fields": {"name": "Edible print", "category": "decorations", "price": "120.00", "slug": "179734_1743082789"}}, {"model": "cakes.cakeextra", "pk": 26, "fields": {"name": "Boxes", "category": "packaging", "price": "20.00", "slug": "176692_1743082789"}}, {"model": "cakes.cakeextra", "pk": 27, "fields": {"name": "Cake base", "category": "packaging", "price": "10.00", "slug": "131653_1743082789"}}, {"model": "cakes.cakeextra", "pk": 28, "fields": {"name": "Ribbon", "category": "packaging", "price": "20.00", "slug": "326367_1743082789"}}, {"model": "cakes.cake", "pk": 1, "fields": {"name": "Vanilla Cake", "description": "A very good vanilla cake with all the add ons", "sponge": 1, "image": "images/cakes/1000232622.jpg", "created_at": "2025-03-27T14:14:17.301Z", "updated_at": "2025-03-27T14:14:17.326Z", "available_toppings": true, "slug": "277212_1743084857", "user": 1, "toppings": [1, 2, 3, 4, 5]}}, {"model": "cakes.cake", "pk": 2, "fields": {"name": "Custom Chocolate Cake", "description": "Write Happy Birth Smit", "sponge": 2, "image": "images/cakes/scaled_1000232623.jpg", "created_at": "2025-03-27T14:33:57.976Z", "updated_at": "2025-03-27T15:31:38.790Z", "available_toppings": true, "slug": "228419_1743086037", "user": 4, "toppings": [2]}}, {"model": "cakes.cake", "pk": 3, "fields": {"name": "Custom Vanilla Cake", "description": "", "sponge": 1, "image": "", "created_at": "2025-03-31T11:20:19.134Z", "updated_at": "2025-03-31T11:20:19.134Z", "available_toppings": true, "slug": "236487_1743420019", "user": 4, "toppings": []}}, {"model": "cakes.custommodification", "pk": 1, "fields": {"cake": 2, "user": 4, "special_requests": "Write Happy Birth Smit ", "total_price": "270.00", "created_at": "2025-03-27T14:33:57.986Z", "extras": [1, 10, 13, 23, 28]}}, {"model": "cakes.custommodification", "pk": 2, "fields": {"cake": 3, "user": 4, "special_requests": "", "total_price": "0.00", "created_at": "2025-03-31T11:20:19.178Z", "extras": []}}, {"model": "cakes.cakesponge", "pk": 1, "fields": {"sponge": "Vanilla", "price": "70.00", "slug": "884089_1743082485"}}, {"model": "cakes.cakesponge", "pk": 2, "fields": {"sponge": "Chocolate", "price": "100.00", "slug": "285098_1743082485"}}, {"model": "cakes.cakesponge", "pk": 3, "fields": {"sponge": "Strawberry", "price": "80.00", "slug": "193557_1743082485"}}, {"model": "cakes.cakesponge", "pk": 4, "fields": {"sponge": "Pineapple", "price": "80.00", "slug": "968989_1743082485"}}, {"model": "cakes.cakesponge", "pk": 5, "fields": {"sponge": "Orange", "price": "80.00", "slug": "244242_1743082485"}}, {"model": "cakes.cakesponge", "pk": 6, "fields": {"sponge": "Mixed fruit", "price": "80.00", "slug": "267261_1743082485"}}, {"model": "cakes.cakesponge", "pk": 7, "fields": {"sponge": "Red velvet", "price": "80.00", "slug": "218930_1743082485"}}, {"model": "cakes.cakesize", "pk": 1, "fields": {"cake": 1, "size": "Small", "price": "2.00", "slug": "332059_1743084857"}}, {"model": "cakes.cakesize", "pk": 2, "fields": {"cake": 1, "size": "Medium", "price": "3.00", "slug": "252664_1743084857"}}, {"model": "cakes.cakesize", "pk": 3, "fields": {"cake": 1, "size": "Large", "price": "4.00", "slug": "108680_1743084857"}}, {"model": "cakes.cakesize", "pk": 4, "fields": {"cake": 2, "size": "Small", "price": "1.00", "slug": "290702_1743086037"}}, {"model": "cakes.cakesize", "pk": 5, "fields": {"cake": 3, "size": "Small", "price": "1.00", "slug": "122744_1743420019"}}, {"model": "cakes.cart", "pk": 1, "fields": {"user": 3, "is_ordered": false, "created_at": "2025-03-27T13:19:00.451Z", "slug": "331044_1743081540"}}, {"model": "cakes.cart", "pk": 2, "fields": {"user": 1, "is_ordered": false, "created_at": "2025-03-27T13:20:32.491Z", "slug": "226526_1743081632"}}, {"model": "cakes.cart", "pk": 3, "fields": {"user": 4, "is_ordered": true, "created_at": "2025-03-27T14:20:31.790Z", "slug": "213479_1743085231"}}, {"model": "cakes.cart", "pk": 4, "fields": {"user": 4, "is_ordered": true, "created_at": "2025-03-27T15:45:35.902Z", "slug": "172545_1743090335"}}, {"model": "cakes.cart", "pk": 5, "fields": {"user": 4, "is_ordered": false, "created_at": "2025-03-31T13:31:45.553Z", "slug": "244929_1743427905"}}, {"model": "cakes.cart", "pk": 6, "fields": {"user": 5, "is_ordered": true, "created_at": "2025-03-31T15:21:59.887Z", "slug": "790636_1743434519"}}, {"model": "cakes.cart", "pk": 7, "fields": {"user": 5, "is_ordered": false, "created_at": "2025-03-31T15:22:17.282Z", "slug": "292413_1743434537"}}, {"model": "cakes.cartitems", "pk": 1, "fields": {"cart": 3, "cake": 2, "size": 4, "quantity": 1, "custom_modification": 1, "slug": "165321_1743086037", "toppings": [2]}}, {"model": "cakes.cartitems", "pk": 2, "fields": {"cart": 4, "cake": 3, "size": 5, "quantity": 1, "custom_modification": 2, "slug": "199940_1743420019", "toppings": []}}, {"model": "cakes.cartitems", "pk": 3, "fields": {"cart": 6, "cake": 1, "size": 1, "quantity": 1, "custom_modification": null, "slug": "309736_1743434523", "toppings": []}}, {"model": "cakes.order", "pk": 1, "fields": {"user": 4, "cart": 3, "total_price": "500.00", "del_address": "Lalbhai Dalpatbhai College Of Engineering Office, University Area, Ahmedabad, 380009, India", "status": "delivered", "delivery_person": 1, "created_at": "2025-03-27T15:45:35.892Z", "slug": "274762_1743090335"}}, {"model": "cakes.order", "pk": 2, "fields": {"user": 4, "cart": 4, "total_price": "120.00", "del_address": "Lalbhai Dalpatbhai College Of Engineering Office, University Area, Ahmedabad, 380009, India", "status": "confirmed", "delivery_person": 1, "created_at": "2025-03-31T13:31:45.507Z", "slug": "184938_1743427905"}}, {"model": "cakes.order", "pk": 3, "fields": {"user": 5, "cart": 6, "total_price": "190.00", "del_address": "a, v, x - 456789", "status": "confirmed", "delivery_person": 1, "created_at": "2025-03-31T15:22:17.275Z", "slug": "182521_1743434537"}}, {"model": "cakes.payment", "pk": 1, "fields": {"order": 1, "payment_method": "upi", "transaction_id": null, "is_paid": false, "created_at": "2025-03-27T15:45:35.898Z", "slug": "316944_1743090335"}}, {"model": "cakes.payment", "pk": 2, "fields": {"order": 2, "payment_method": "upi", "transaction_id": null, "is_paid": false, "created_at": "2025-03-31T13:31:45.546Z", "slug": "563401_1743427905"}}, {"model": "cakes.payment", "pk": 3, "fields": {"order": 3, "payment_method": "upi", "transaction_id": null, "is_paid": false, "created_at": "2025-03-31T15:22:17.279Z", "slug": "316816_1743434537"}}]